{
  "results": [
    {
      "command": "zig-out/bin/evm-runner --contract-code-path bench/official/cases/snailtracer/bytecode.txt --calldata 0x30627b7c",
      "mean": 0.1121962151,
      "stddev": 0.0005244570527816877,
      "median": 0.1123887694,
      "user": 0.10793939999999999,
      "system": 0.002860599999999999,
      "min": 0.1113120404,
      "max": 0.11276249840000001,
      "times": [
        0.1113120404,
        0.1114632484,
        0.1125387904,
        0.1123748324,
        0.1126317064,
        0.11186974840000001,
        0.11190033140000001,
        0.1127062484,
        0.11276249840000001,
        0.11240270640000001
      ],
      "exit_codes": [
        0,
        0,
        0,
        0,
        0,
        0,
        0,
        0,
        0,
        0
      ]
    }
  ]
}
