{
  "results": [
    {
      "command": "../../zig-out/bin/evm-runner --contract-code-path cases/ten-thousand-hashes/bytecode.txt --calldata 0x30627b7c",
      "mean": 0.0061645141,
      "stddev": 0.00022878648620289332,
      "median": 0.0061946848,
      "user": 0.0047416,
      "system": 0.0011611400000000002,
      "min": 0.005752393299999999,
      "max": 0.0064541013,
      "times": [
        0.0062053933,
        0.0061839763,
        0.005752393299999999,
        0.0058978102999999995,
        0.0061185603,
        0.0064541013,
        0.0062493513,
        0.006448351299999999,
        0.0063323933,
        0.0060028103000000005
      ],
      "exit_codes": [
        0,
        0,
        0,
        0,
        0,
        0,
        0,
        0,
        0,
        0
      ]
    }
  ]
}
