{
  "results": [
    {
      "command": "../../target/release/hyperfine-bench",
      "mean": 0.0012104973000000006,
      "stddev": 0.0001234151007878867,
      "median": 0.0012009346,
      "user": 0.0005819899999999999,
      "system": 0.00037828000000000026,
      "min": 0.0010017891000000004,
      "max": 0.0015549551000000007,
      "times": [
        0.0011941221000000002,
        0.0013719141000000006,
        0.0011177061000000005,
        0.0011632471000000005,
        0.0012826641000000007,
        0.0010904561,
        0.0010017891000000004,
        0.0015549551000000007,
        0.0012289971000000004,
        0.0011744981,
        0.0012608311,
        0.0012084971000000007,
        0.0010735801000000002,
        0.0013027471000000004,
        0.0013290391000000002,
        0.0011841221000000006,
        0.0010579551000000002,
        0.0011823311000000005,
        0.0012077471,
        0.0012227471000000002
      ],
      "exit_codes": [
        0,
        0,
        0,
        0,
        0,
        0,
        0,
        0,
        0,
        0,
        0,
        0,
        0,
        0,
        0,
        0,
        0,
        0,
        0,
        0
      ]
    }
  ]
}
