{
  "results": [
    {
      "command": "./evms/zig/evm-runner --contract-code-path cases/snailtracer/bytecode.txt --calldata 0x30627b7c",
      "mean": 0.11172326930000001,
      "stddev": 0.0016595556785563251,
      "median": 0.1111859567,
      "user": 0.10718370000000002,
      "system": 0.0031590600000000004,
      "min": 0.10964451920000001,
      "max": 0.11489418620000001,
      "times": [
        0.1113206862,
        0.1143301022,
        0.11489418620000001,
        0.11200776920000001,
        0.11177285220000001,
        0.11071447820000001,
        0.11075985320000001,
        0.1110512272,
        0.10964451920000001,
        0.11073701920000001
      ],
      "exit_codes": [
        0,
        0,
        0,
        0,
        0,
        0,
        0,
        0,
        0,
        0
      ]
    },
    {
      "command": "./evms/revm/target/release/revm-runner --contract-code-path cases/snailtracer/bytecode.txt --calldata 0x30627b7c",
      "mean": 0.037494323399999994,
      "stddev": 0.0009363364472361671,
      "median": 0.0373253322,
      "user": 0.0340644,
      "system": 0.00207996,
      "min": 0.036515102199999996,
      "max": 0.0398573112,
      "times": [
        0.0374064362,
        0.0371606022,
        0.0372049362,
        0.0380009772,
        0.036515102199999996,
        0.0398573112,
        0.0373283112,
        0.0365851022,
        0.0373223532,
        0.0375621022
      ],
      "exit_codes": [
        0,
        0,
        0,
        0,
        0,
        0,
        0,
        0,
        0,
        0
      ]
    }
  ]
}
