{
  "results": [
    {
      "command": "./evms/zig/evm-runner --contract-code-path cases/snailtracer/bytecode.txt --calldata 0x30627b7c",
      "mean": 0.12063172988000001,
      "stddev": 0.0003769312781288895,
      "median": 0.12062832128,
      "user": 0.11631122,
      "system": 0.0031382199999999997,
      "min": 0.11996646678,
      "max": 0.12111284178000001,
      "times": [
        0.11996646678,
        0.12044942578000001,
        0.12056159178,
        0.12018742578000001,
        0.12054200978,
        0.12102800978,
        0.12069505078000001,
        0.12107355078000001,
        0.12070092578000001,
        0.12111284178000001
      ],
      "exit_codes": [
        0,
        0,
        0,
        0,
        0,
        0,
        0,
        0,
        0,
        0
      ]
    },
    {
      "command": "./evms/revm/target/release/revm-runner --contract-code-path cases/snailtracer/bytecode.txt --calldata 0x30627b7c",
      "mean": 0.038590738279999995,
      "stddev": 0.0004519133386321001,
      "median": 0.038583571780000006,
      "user": 0.035444619999999996,
      "system": 0.0020016200000000004,
      "min": 0.03760455078,
      "max": 0.039253425780000004,
      "times": [
        0.03869150878,
        0.039253425780000004,
        0.03760455078,
        0.03904259278,
        0.03839421778,
        0.03889909178,
        0.03854830078,
        0.03832171778,
        0.03853313378,
        0.03861884278
      ],
      "exit_codes": [
        0,
        0,
        0,
        0,
        0,
        0,
        0,
        0,
        0,
        0
      ]
    }
  ]
}
