{
  "results": [
    {
      "command": "./evms/zig/evm-runner --contract-code-path cases/snailtracer/bytecode.txt --calldata 0x30627b7c",
      "mean": 0.11463375912,
      "stddev": 0.00029650278227529063,
      "median": 0.11460000072000001,
      "user": 0.11055121999999998,
      "system": 0.00301234,
      "min": 0.11427416722000001,
      "max": 0.11511458422000001,
      "times": [
        0.11511287622000001,
        0.11511458422000001,
        0.11462091722000001,
        0.11455870922000001,
        0.11470645922000001,
        0.11470458422,
        0.11457908422,
        0.11430762522000001,
        0.11435858422,
        0.11427416722000001
      ],
      "exit_codes": [
        0,
        0,
        0,
        0,
        0,
        0,
        0,
        0,
        0,
        0
      ]
    },
    {
      "command": "./evms/revm/target/release/revm-runner --contract-code-path cases/snailtracer/bytecode.txt --calldata 0x30627b7c",
      "mean": 0.03817225492,
      "stddev": 0.0005467567579126219,
      "median": 0.03817843822,
      "user": 0.035252519999999996,
      "system": 0.00195454,
      "min": 0.03730808422,
      "max": 0.03902441722,
      "times": [
        0.037427542220000005,
        0.038392293220000005,
        0.03730808422,
        0.037883500220000005,
        0.03889354222,
        0.03827520922,
        0.03902441722,
        0.03816108422,
        0.03817270922,
        0.03818416722
      ],
      "exit_codes": [
        0,
        0,
        0,
        0,
        0,
        0,
        0,
        0,
        0,
        0
      ]
    }
  ]
}
