{
  "results": [
    {
      "command": "./evms/zig/evm-runner --contract-code-path cases/snailtracer/bytecode.txt --calldata 0x30627b7c",
      "mean": 0.11057008166,
      "stddev": 0.00031845446744182323,
      "median": 0.11060194006000001,
      "user": 0.10651054,
      "system": 0.0027450199999999995,
      "min": 0.10980696156000001,
      "max": 0.11105812756000001,
      "times": [
        0.11068033556000001,
        0.11105812756000001,
        0.11053679456000001,
        0.11071737756000001,
        0.11051333556000001,
        0.11074471056000001,
        0.11043929356000001,
        0.10980696156000001,
        0.11055521056,
        0.11064866956000001
      ],
      "exit_codes": [
        0,
        0,
        0,
        0,
        0,
        0,
        0,
        0,
        0,
        0
      ]
    },
    {
      "command": "./evms/revm/target/release/revm-runner --contract-code-path cases/snailtracer/bytecode.txt --calldata 0x30627b7c",
      "mean": 0.03758402326,
      "stddev": 0.00037529178267436145,
      "median": 0.03753146106,
      "user": 0.034223340000000005,
      "system": 0.002098019999999999,
      "min": 0.03714979456,
      "max": 0.03825896056,
      "times": [
        0.03720825256,
        0.03746008556,
        0.03754583556,
        0.03714979456,
        0.03825896056,
        0.03797800256,
        0.03751708656,
        0.03794846056,
        0.03760508556,
        0.03716866856
      ],
      "exit_codes": [
        0,
        0,
        0,
        0,
        0,
        0,
        0,
        0,
        0,
        0
      ]
    }
  ]
}
