{
  "results": [
    {
      "command": "./evms/zig/evm-runner --contract-code-path ./cases/snailtracer/bytecode.txt --calldata 0x30627b7c --num-runs 10",
      "mean": 2.02163904902,
      "stddev": 0.003382106092154315,
      "median": 2.02285753502,
      "user": 1.9811905,
      "system": 0.03905210666666666,
      "min": 2.01781653502,
      "max": 2.02424307702,
      "times": [
        2.01781653502,
        2.02424307702,
        2.02285753502
      ],
      "exit_codes": [
        0,
        0,
        0
      ]
    }
  ]
}
