{
  "results": [
    {
      "command": "./evms/zig/evm-runner --contract-code-path cases/snailtracer/bytecode.txt --calldata 0x30627b7c",
      "mean": 0.11267435418,
      "stddev": 0.002002784377996248,
      "median": 0.11249751278,
      "user": 0.10938816,
      "system": 0.0025736799999999996,
      "min": 0.11060109578,
      "max": 0.11562438778,
      "times": [
        0.11471617978,
        0.11562438778,
        0.11425967878,
        0.11392688778,
        0.11408034578000001,
        0.11080913678,
        0.11106813778,
        0.11060109578,
        0.11084434578,
        0.11081334578
      ],
      "exit_codes": [
        0,
        0,
        0,
        0,
        0,
        0,
        0,
        0,
        0,
        0
      ]
    },
    {
      "command": "./evms/revm/target/release/revm-runner --contract-code-path cases/snailtracer/bytecode.txt --calldata 0x30627b7c",
      "mean": 0.036018528980000006,
      "stddev": 0.000689712718819913,
      "median": 0.03589959528,
      "user": 0.03395276,
      "system": 0.0015754799999999995,
      "min": 0.03466592878,
      "max": 0.036973720780000004,
      "times": [
        0.035742011780000006,
        0.036057178780000004,
        0.03619917878,
        0.03562597078,
        0.036785178780000004,
        0.035675637780000005,
        0.035740470780000005,
        0.036973720780000004,
        0.036720012780000005,
        0.03466592878
      ],
      "exit_codes": [
        0,
        0,
        0,
        0,
        0,
        0,
        0,
        0,
        0,
        0
      ]
    }
  ]
}
