{
  "results": [
    {
      "command": "./evms/zig/evm-runner --contract-code-path cases/snailtracer/bytecode.txt --calldata 0x30627b7c",
      "mean": 0.11548913420000002,
      "stddev": 0.00136956298624219,
      "median": 0.11525144300000001,
      "user": 0.11131584000000001,
      "system": 0.00289706,
      "min": 0.113602422,
      "max": 0.117917796,
      "times": [
        0.117439505,
        0.117917796,
        0.115646339,
        0.114683588,
        0.114471547,
        0.114856547,
        0.114456297,
        0.116122296,
        0.115695005,
        0.113602422
      ],
      "exit_codes": [
        0,
        0,
        0,
        0,
        0,
        0,
        0,
        0,
        0,
        0
      ]
    },
    {
      "command": "./evms/revm/target/release/revm-runner --contract-code-path cases/snailtracer/bytecode.txt --calldata 0x30627b7c",
      "mean": 0.037309359300000004,
      "stddev": 0.0005147326909690433,
      "median": 0.0373686505,
      "user": 0.03408124,
      "system": 0.0019410599999999997,
      "min": 0.036367922000000004,
      "max": 0.038353839,
      "times": [
        0.036904588,
        0.037014214000000004,
        0.03760088,
        0.038353839,
        0.037359171000000004,
        0.037494588,
        0.036367922000000004,
        0.03737813,
        0.037187964000000004,
        0.037432297
      ],
      "exit_codes": [
        0,
        0,
        0,
        0,
        0,
        0,
        0,
        0,
        0,
        0
      ]
    }
  ]
}
